host_timestamp_utc,label,profile,component,event,index,pan_deg,distance_mm,intensity,servo_deg,ts_us
2026-04-25T19:08:39.329+00:00,d140cm,precision,measurement,point,1,175.4,1398,239,0.0,973260
2026-04-25T19:08:39.329+00:00,d140cm,precision,measurement,point,2,176.1,1397,240,0.0,973780
2026-04-25T19:08:39.329+00:00,d140cm,precision,measurement,point,3,176.8,1396,241,0.0,974179
2026-04-25T19:08:39.329+00:00,d140cm,precision,measurement,point,4,177.5,1395,242,0.0,974619
2026-04-25T19:08:39.334+00:00,d140cm,precision,measurement,point,5,178.3,1394,243,0.0,975025
2026-04-25T19:08:39.334+00:00,d140cm,precision,measurement,point,6,179.0,1394,243,0.0,975556
2026-04-25T19:08:39.334+00:00,d140cm,precision,measurement,point,7,179.7,1393,244,0.0,975980
2026-04-25T19:08:39.334+00:00,d140cm,precision,measurement,point,8,180.4,1393,244,0.0,976542
2026-04-25T19:08:39.334+00:00,d140cm,precision,measurement,point,9,181.1,1393,244,0.0,977004
2026-04-25T19:08:39.339+00:00,d140cm,precision,measurement,point,10,181.8,1393,244,0.0,977545
2026-04-25T19:08:39.339+00:00,d140cm,precision,measurement,point,11,182.5,1393,244,0.0,977945
2026-04-25T19:08:39.339+00:00,d140cm,precision,measurement,point,12,183.3,1393,243,0.0,978494
2026-04-25T19:08:39.339+00:00,d140cm,precision,measurement,point,13,184.0,1393,243,0.0,979088
2026-04-25T19:08:39.344+00:00,d140cm,precision,measurement,point,14,184.7,1393,242,0.0,979552
2026-04-25T19:08:39.425+00:00,d140cm,precision,measurement,point,15,175.4,1399,239,0.0,1071835
2026-04-25T19:08:39.430+00:00,d140cm,precision,measurement,point,16,176.2,1397,240,0.0,1072334
2026-04-25T19:08:39.430+00:00,d140cm,precision,measurement,point,17,176.8,1396,241,0.0,1074193
2026-04-25T19:08:39.433+00:00,d140cm,precision,measurement,point,18,177.5,1395,242,0.0,1074651
2026-04-25T19:08:39.433+00:00,d140cm,precision,measurement,point,19,178.3,1394,243,0.0,1075063
2026-04-25T19:08:39.435+00:00,d140cm,precision,measurement,point,20,179.0,1394,243,0.0,1075564
2026-04-25T19:08:39.436+00:00,d140cm,precision,measurement,point,21,179.7,1393,243,0.0,1075976
2026-04-25T19:08:39.437+00:00,d140cm,precision,measurement,point,22,180.4,1393,244,0.0,1076579
2026-04-25T19:08:39.438+00:00,d140cm,precision,measurement,point,23,181.1,1393,245,0.0,1076984
2026-04-25T19:08:39.439+00:00,d140cm,precision,measurement,point,24,181.8,1393,245,0.0,1077593
2026-04-25T19:08:39.439+00:00,d140cm,precision,measurement,point,25,182.5,1393,244,0.0,1077997
2026-04-25T19:08:39.439+00:00,d140cm,precision,measurement,point,26,183.2,1393,244,0.0,1078579
2026-04-25T19:08:39.439+00:00,d140cm,precision,measurement,point,27,183.9,1394,243,0.0,1078989
2026-04-25T19:08:39.443+00:00,d140cm,precision,measurement,point,28,184.6,1394,243,0.0,1079541
2026-04-25T19:08:39.526+00:00,d140cm,precision,measurement,point,29,175.4,1398,240,0.0,1173119
2026-04-25T19:08:39.526+00:00,d140cm,precision,measurement,point,30,176.1,1396,241,0.0,1173597
2026-04-25T19:08:39.535+00:00,d140cm,precision,measurement,point,31,176.8,1395,242,0.0,1174007
2026-04-25T19:08:39.535+00:00,d140cm,precision,measurement,point,32,177.6,1394,243,0.0,1174562
2026-04-25T19:08:39.536+00:00,d140cm,precision,measurement,point,33,178.3,1394,243,0.0,1174956
2026-04-25T19:08:39.536+00:00,d140cm,precision,measurement,point,34,179.0,1393,244,0.0,1175694
2026-04-25T19:08:39.536+00:00,d140cm,precision,measurement,point,35,179.7,1393,244,0.0,1176104
2026-04-25T19:08:39.536+00:00,d140cm,precision,measurement,point,36,180.4,1393,244,0.0,1176585
2026-04-25T19:08:39.536+00:00,d140cm,precision,measurement,point,37,181.1,1393,244,0.0,1176986
2026-04-25T19:08:39.536+00:00,d140cm,precision,measurement,point,38,181.8,1393,243,0.0,1177600
2026-04-25T19:08:39.536+00:00,d140cm,precision,measurement,point,39,182.6,1393,243,0.0,1177995
2026-04-25T19:08:39.536+00:00,d140cm,precision,measurement,point,40,183.3,1393,243,0.0,1178542
2026-04-25T19:08:39.545+00:00,d140cm,precision,measurement,point,41,184.0,1394,243,0.0,1178905
2026-04-25T19:08:39.545+00:00,d140cm,precision,measurement,point,42,184.7,1394,242,0.0,1179491
2026-04-25T19:08:39.630+00:00,d140cm,precision,measurement,point,43,175.7,1397,241,0.0,1274274
2026-04-25T19:08:39.630+00:00,d140cm,precision,measurement,point,44,176.4,1396,242,0.0,1274759
2026-04-25T19:08:39.630+00:00,d140cm,precision,measurement,point,45,177.1,1396,243,0.0,1275164
2026-04-25T19:08:39.635+00:00,d140cm,precision,measurement,point,46,177.8,1395,243,0.0,1275613
2026-04-25T19:08:39.635+00:00,d140cm,precision,measurement,point,47,178.6,1394,243,0.0,1276023
2026-04-25T19:08:39.635+00:00,d140cm,precision,measurement,point,48,179.3,1393,243,0.0,1276571
2026-04-25T19:08:39.635+00:00,d140cm,precision,measurement,point,49,180.0,1393,243,0.0,1277006
2026-04-25T19:08:39.640+00:00,d140cm,precision,measurement,point,50,180.8,1393,243,0.0,1277723
2026-04-25T19:08:39.640+00:00,d140cm,precision,measurement,point,51,181.4,1393,243,0.0,1278173
2026-04-25T19:08:39.640+00:00,d140cm,precision,measurement,point,52,182.1,1393,243,0.0,1278611
2026-04-25T19:08:39.640+00:00,d140cm,precision,measurement,point,53,182.8,1393,243,0.0,1279032
2026-04-25T19:08:39.640+00:00,d140cm,precision,measurement,point,54,183.5,1393,243,0.0,1279555
2026-04-25T19:08:39.645+00:00,d140cm,precision,measurement,point,55,184.2,1393,243,0.0,1279966
2026-04-25T19:08:39.646+00:00,d140cm,precision,measurement,point,56,184.9,1394,242,0.0,1280520
2026-04-25T19:08:39.732+00:00,d140cm,precision,measurement,point,57,175.5,1398,240,0.0,1375532
2026-04-25T19:08:39.736+00:00,d140cm,precision,measurement,point,58,176.2,1397,241,0.0,1375951
2026-04-25T19:08:39.736+00:00,d140cm,precision,measurement,point,59,177.0,1396,242,0.0,1376472
2026-04-25T19:08:39.737+00:00,d140cm,precision,measurement,point,60,177.7,1395,243,0.0,1376910
2026-04-25T19:08:39.738+00:00,d140cm,precision,measurement,point,61,178.4,1395,243,0.0,1377506
2026-04-25T19:08:39.739+00:00,d140cm,precision,measurement,point,62,179.1,1394,243,0.0,1377905
2026-04-25T19:08:39.740+00:00,d140cm,precision,measurement,point,63,179.8,1394,243,0.0,1378523
2026-04-25T19:08:39.741+00:00,d140cm,precision,measurement,point,64,180.5,1393,243,0.0,1378889
2026-04-25T19:08:39.742+00:00,d140cm,precision,measurement,point,65,181.3,1393,244,0.0,1379566
2026-04-25T19:08:39.743+00:00,d140cm,precision,measurement,point,66,182.0,1393,245,0.0,1379940
2026-04-25T19:08:39.745+00:00,d140cm,precision,measurement,point,67,182.7,1393,245,0.0,1380495
2026-04-25T19:08:39.746+00:00,d140cm,precision,measurement,point,68,183.3,1393,245,0.0,1381117
2026-04-25T19:08:39.747+00:00,d140cm,precision,measurement,point,69,184.0,1394,245,0.0,1381536
2026-04-25T19:08:39.748+00:00,d140cm,precision,measurement,point,70,184.7,1394,243,0.0,1381965
2026-04-25T19:08:39.830+00:00,d140cm,precision,measurement,point,71,175.4,1398,238,0.0,1474248
2026-04-25T19:08:39.832+00:00,d140cm,precision,measurement,point,72,176.1,1396,240,0.0,1476598
2026-04-25T19:08:39.832+00:00,d140cm,precision,measurement,point,73,176.8,1395,241,0.0,1477062
2026-04-25T19:08:39.835+00:00,d140cm,precision,measurement,point,74,177.6,1395,242,0.0,1477451
2026-04-25T19:08:39.836+00:00,d140cm,precision,measurement,point,75,178.3,1394,242,0.0,1477876
2026-04-25T19:08:39.836+00:00,d140cm,precision,measurement,point,76,179.0,1394,243,0.0,1478228
2026-04-25T19:08:39.836+00:00,d140cm,precision,measurement,point,77,179.8,1393,242,0.0,1478701
2026-04-25T19:08:39.836+00:00,d140cm,precision,measurement,point,78,180.5,1393,242,0.0,1479116
2026-04-25T19:08:39.836+00:00,d140cm,precision,measurement,point,79,181.2,1393,243,0.0,1479586
2026-04-25T19:08:39.842+00:00,d140cm,precision,measurement,point,80,181.9,1393,243,0.0,1479991
2026-04-25T19:08:39.842+00:00,d140cm,precision,measurement,point,81,182.7,1393,243,0.0,1480605
2026-04-25T19:08:39.845+00:00,d140cm,precision,measurement,point,82,183.4,1393,243,0.0,1481008
2026-04-25T19:08:39.845+00:00,d140cm,precision,measurement,point,83,184.1,1393,243,0.0,1481568
2026-04-25T19:08:39.847+00:00,d140cm,precision,measurement,point,84,184.8,1393,243,0.0,1482147
2026-04-25T19:08:39.929+00:00,d140cm,precision,measurement,point,85,175.4,1398,240,0.0,1575419
2026-04-25T19:08:39.929+00:00,d140cm,precision,measurement,point,86,176.2,1397,241,0.0,1575842
2026-04-25T19:08:39.935+00:00,d140cm,precision,measurement,point,87,176.9,1396,242,0.0,1576294
2026-04-25T19:08:39.935+00:00,d140cm,precision,measurement,point,88,177.6,1395,242,0.0,1576748
2026-04-25T19:08:39.935+00:00,d140cm,precision,measurement,point,89,178.3,1394,242,0.0,1577799
2026-04-25T19:08:39.938+00:00,d140cm,precision,measurement,point,90,179.0,1393,243,0.0,1578215
2026-04-25T19:08:39.939+00:00,d140cm,precision,measurement,point,91,179.7,1393,243,0.0,1578674
2026-04-25T19:08:39.940+00:00,d140cm,precision,measurement,point,92,180.4,1393,243,0.0,1579086
2026-04-25T19:08:39.941+00:00,d140cm,precision,measurement,point,93,181.1,1393,244,0.0,1579553
2026-04-25T19:08:39.942+00:00,d140cm,precision,measurement,point,94,181.8,1393,245,0.0,1579903
2026-04-25T19:08:39.943+00:00,d140cm,precision,measurement,point,95,182.5,1393,245,0.0,1580260
2026-04-25T19:08:39.944+00:00,d140cm,precision,measurement,point,96,183.3,1393,244,0.0,1580781
2026-04-25T19:08:39.945+00:00,d140cm,precision,measurement,point,97,184.0,1394,243,0.0,1581161
2026-04-25T19:08:39.945+00:00,d140cm,precision,measurement,point,98,184.7,1394,243,0.0,1581630
2026-04-25T19:08:40.033+00:00,d140cm,precision,measurement,point,99,175.4,1399,238,0.0,1676697
2026-04-25T19:08:40.035+00:00,d140cm,precision,measurement,point,100,176.1,1397,239,0.0,1677168
2026-04-25T19:08:40.035+00:00,d140cm,precision,measurement,point,101,176.8,1396,241,0.0,1677574
2026-04-25T19:08:40.035+00:00,d140cm,precision,measurement,point,102,177.5,1395,243,0.0,1677987
2026-04-25T19:08:40.035+00:00,d140cm,precision,measurement,point,103,178.2,1394,244,0.0,1678562
2026-04-25T19:08:40.040+00:00,d140cm,precision,measurement,point,104,178.9,1394,245,0.0,1678959
2026-04-25T19:08:40.040+00:00,d140cm,precision,measurement,point,105,179.7,1393,245,0.0,1679529
2026-04-25T19:08:40.040+00:00,d140cm,precision,measurement,point,106,180.4,1393,245,0.0,1679934
2026-04-25T19:08:40.043+00:00,d140cm,precision,measurement,point,107,181.1,1393,245,0.0,1680518
2026-04-25T19:08:40.045+00:00,d140cm,precision,measurement,point,108,181.8,1393,245,0.0,1680933
2026-04-25T19:08:40.045+00:00,d140cm,precision,measurement,point,109,182.6,1393,244,0.0,1681454
2026-04-25T19:08:40.045+00:00,d140cm,precision,measurement,point,110,183.3,1393,245,0.0,1681884
2026-04-25T19:08:40.048+00:00,d140cm,precision,measurement,point,111,184.0,1393,245,0.0,1682231
2026-04-25T19:08:40.049+00:00,d140cm,precision,measurement,point,112,184.7,1394,243,0.0,1682711
2026-04-25T19:08:40.134+00:00,d140cm,precision,measurement,point,113,175.4,1398,240,0.0,1778045
2026-04-25T19:08:40.134+00:00,d140cm,precision,measurement,point,114,176.1,1397,240,0.0,1778524
2026-04-25T19:08:40.137+00:00,d140cm,precision,measurement,point,115,176.8,1396,241,0.0,1778932
2026-04-25T19:08:40.137+00:00,d140cm,precision,measurement,point,116,177.5,1395,242,0.0,1779495
2026-04-25T19:08:40.137+00:00,d140cm,precision,measurement,point,117,178.2,1394,243,0.0,1779908
2026-04-25T19:08:40.137+00:00,d140cm,precision,measurement,point,118,179.0,1394,243,0.0,1780492
2026-04-25T19:08:40.143+00:00,d140cm,precision,measurement,point,119,179.7,1393,244,0.0,1780896
2026-04-25T19:08:40.143+00:00,d140cm,precision,measurement,point,120,180.4,1393,245,0.0,1781248
2026-04-25T19:08:40.145+00:00,d140cm,precision,measurement,point,121,181.1,1393,245,0.0,1781720
2026-04-25T19:08:40.145+00:00,d140cm,precision,measurement,point,122,181.8,1393,244,0.0,1782125
2026-04-25T19:08:40.147+00:00,d140cm,precision,measurement,point,123,182.5,1393,242,0.0,1782582
2026-04-25T19:08:40.148+00:00,d140cm,precision,measurement,point,124,183.3,1394,243,0.0,1783164
2026-04-25T19:08:40.148+00:00,d140cm,precision,measurement,point,125,184.0,1394,243,0.0,1783599
2026-04-25T19:08:40.148+00:00,d140cm,precision,measurement,point,126,184.7,1394,242,0.0,1784005
2026-04-25T19:08:40.238+00:00,d140cm,precision,measurement,point,127,175.4,1399,239,0.0,1876848
2026-04-25T19:08:40.240+00:00,d140cm,precision,measurement,point,128,176.1,1397,240,0.0,1877283
2026-04-25T19:08:40.240+00:00,d140cm,precision,measurement,point,129,176.8,1396,241,0.0,1879192
2026-04-25T19:08:40.240+00:00,d140cm,precision,measurement,point,130,177.5,1395,241,0.0,1879612
2026-04-25T19:08:40.240+00:00,d140cm,precision,measurement,point,131,178.1,1394,242,0.0,1880139
2026-04-25T19:08:40.240+00:00,d140cm,precision,measurement,point,132,178.8,1393,243,0.0,1880576
2026-04-25T19:08:40.245+00:00,d140cm,precision,measurement,point,133,179.5,1393,242,0.0,1881010
2026-04-25T19:08:40.245+00:00,d140cm,precision,measurement,point,134,180.1,1393,243,0.0,1881582
2026-04-25T19:08:40.245+00:00,d140cm,precision,measurement,point,135,180.8,1393,243,0.0,1881988
2026-04-25T19:08:40.245+00:00,d140cm,precision,measurement,point,136,181.5,1393,243,0.0,1882581
2026-04-25T19:08:40.245+00:00,d140cm,precision,measurement,point,137,182.1,1393,243,0.0,1882995
2026-04-25T19:08:40.250+00:00,d140cm,precision,measurement,point,138,182.8,1393,243,0.0,1883563
2026-04-25T19:08:40.250+00:00,d140cm,precision,measurement,point,139,183.5,1394,243,0.0,1883990
2026-04-25T19:08:40.250+00:00,d140cm,precision,measurement,point,140,184.1,1394,242,0.0,1884545
2026-04-25T19:08:40.250+00:00,d140cm,precision,measurement,point,141,184.9,1394,241,0.0,1885136
2026-04-25T19:08:40.336+00:00,d140cm,precision,measurement,point,142,175.6,1399,240,0.0,1978221
2026-04-25T19:08:40.336+00:00,d140cm,precision,measurement,point,143,176.3,1397,240,0.0,1978695
2026-04-25T19:08:40.336+00:00,d140cm,precision,measurement,point,144,177.0,1395,242,0.0,1979117
2026-04-25T19:08:40.336+00:00,d140cm,precision,measurement,point,145,177.7,1394,243,0.0,1979598
2026-04-25T19:08:40.342+00:00,d140cm,precision,measurement,point,146,178.4,1394,243,0.0,1980019
2026-04-25T19:08:40.342+00:00,d140cm,precision,measurement,point,147,179.1,1393,243,0.0,1980601
2026-04-25T19:08:40.345+00:00,d140cm,precision,measurement,point,148,179.9,1393,243,0.0,1981165
2026-04-25T19:08:40.345+00:00,d140cm,precision,measurement,point,149,180.6,1393,243,0.0,1981641
2026-04-25T19:08:40.345+00:00,d140cm,precision,measurement,point,150,181.3,1393,243,0.0,1982057
2026-04-25T19:08:40.348+00:00,d140cm,precision,measurement,point,151,182.0,1393,243,0.0,1982571
2026-04-25T19:08:40.349+00:00,d140cm,precision,measurement,point,152,182.7,1393,243,0.0,1983018
2026-04-25T19:08:40.349+00:00,d140cm,precision,measurement,point,153,183.4,1393,242,0.0,1983539
2026-04-25T19:08:40.349+00:00,d140cm,precision,measurement,point,154,184.1,1394,242,0.0,1983989
2026-04-25T19:08:40.349+00:00,d140cm,precision,measurement,point,155,184.9,1394,242,0.0,1984540
2026-04-25T19:08:40.436+00:00,d140cm,precision,measurement,point,156,175.6,1398,241,0.0,2079353
2026-04-25T19:08:40.442+00:00,d140cm,precision,measurement,point,157,176.3,1396,242,0.0,2079781
2026-04-25T19:08:40.443+00:00,d140cm,precision,measurement,point,158,177.1,1395,243,0.0,2080279
2026-04-25T19:08:40.443+00:00,d140cm,precision,measurement,point,159,177.8,1395,243,0.0,2080685
2026-04-25T19:08:40.445+00:00,d140cm,precision,measurement,point,160,178.5,1394,243,0.0,2081141
2026-04-25T19:08:40.446+00:00,d140cm,precision,measurement,point,161,179.3,1394,244,0.0,2081564
2026-04-25T19:08:40.446+00:00,d140cm,precision,measurement,point,162,180.0,1393,244,0.0,2081999
2026-04-25T19:08:40.446+00:00,d140cm,precision,measurement,point,163,180.7,1393,244,0.0,2082550
2026-04-25T19:08:40.446+00:00,d140cm,precision,measurement,point,164,181.5,1393,244,0.0,2083168
2026-04-25T19:08:40.446+00:00,d140cm,precision,measurement,point,165,182.2,1393,243,0.0,2083603
2026-04-25T19:08:40.446+00:00,d140cm,precision,measurement,point,166,182.8,1393,243,0.0,2084041
2026-04-25T19:08:40.446+00:00,d140cm,precision,measurement,point,167,183.6,1393,243,0.0,2084560
2026-04-25T19:08:40.446+00:00,d140cm,precision,measurement,point,168,184.3,1394,242,0.0,2084971
2026-04-25T19:08:40.455+00:00,d140cm,precision,measurement,point,169,185.0,1394,242,0.0,2085558
2026-04-25T19:08:40.536+00:00,d140cm,precision,measurement,point,170,175.4,1398,239,0.0,2180432
2026-04-25T19:08:40.536+00:00,d140cm,precision,measurement,point,171,176.1,1397,240,0.0,2180911
2026-04-25T19:08:40.539+00:00,d140cm,precision,measurement,point,172,176.8,1396,242,0.0,2181330
2026-04-25T19:08:40.539+00:00,d140cm,precision,measurement,point,173,177.5,1395,242,0.0,2181728
2026-04-25T19:08:40.539+00:00,d140cm,precision,measurement,point,174,178.2,1394,242,0.0,2182151
2026-04-25T19:08:40.539+00:00,d140cm,precision,measurement,point,175,179.0,1394,243,0.0,2182595
2026-04-25T19:08:40.539+00:00,d140cm,precision,measurement,point,176,179.7,1393,243,0.0,2183023
2026-04-25T19:08:40.545+00:00,d140cm,precision,measurement,point,177,180.4,1392,243,0.0,2183562
2026-04-25T19:08:40.545+00:00,d140cm,precision,measurement,point,178,181.1,1392,243,0.0,2183972
2026-04-25T19:08:40.545+00:00,d140cm,precision,measurement,point,179,181.8,1392,243,0.0,2184523
2026-04-25T19:08:40.545+00:00,d140cm,precision,measurement,point,180,182.5,1392,243,0.0,2184918
2026-04-25T19:08:40.549+00:00,d140cm,precision,measurement,point,181,183.3,1393,243,0.0,2185687
2026-04-25T19:08:40.550+00:00,d140cm,precision,measurement,point,182,184.0,1393,243,0.0,2186115
2026-04-25T19:08:40.550+00:00,d140cm,precision,measurement,point,183,184.7,1394,243,0.0,2186564
2026-04-25T19:08:40.635+00:00,d140cm,precision,measurement,point,184,175.5,1398,238,0.0,2279237
2026-04-25T19:08:40.635+00:00,d140cm,precision,measurement,point,185,176.3,1397,240,0.0,2279720
2026-04-25T19:08:40.635+00:00,d140cm,precision,measurement,point,186,177.0,1396,241,0.0,2281594
2026-04-25T19:08:40.640+00:00,d140cm,precision,measurement,point,187,177.7,1395,242,0.0,2282062
2026-04-25T19:08:40.640+00:00,d140cm,precision,measurement,point,188,178.4,1394,243,0.0,2282475
2026-04-25T19:08:40.641+00:00,d140cm,precision,measurement,point,189,179.1,1394,244,0.0,2282904
2026-04-25T19:08:40.643+00:00,d140cm,precision,measurement,point,190,179.8,1393,244,0.0,2283497
2026-04-25T19:08:40.643+00:00,d140cm,precision,measurement,point,191,180.5,1392,245,0.0,2283897
2026-04-25T19:08:40.645+00:00,d140cm,precision,measurement,point,192,181.2,1392,244,0.0,2284246
2026-04-25T19:08:40.645+00:00,d140cm,precision,measurement,point,193,181.9,1392,244,0.0,2284762
2026-04-25T19:08:40.645+00:00,d140cm,precision,measurement,point,194,182.6,1392,243,0.0,2285156
2026-04-25T19:08:40.645+00:00,d140cm,precision,measurement,point,195,183.3,1393,243,0.0,2285635
2026-04-25T19:08:40.645+00:00,d140cm,precision,measurement,point,196,184.0,1393,243,0.0,2286039
2026-04-25T19:08:40.650+00:00,d140cm,precision,measurement,point,197,184.7,1394,243,0.0,2286561
2026-04-25T19:08:40.735+00:00,d140cm,precision,measurement,point,198,175.0,1399,238,0.0,2380164
2026-04-25T19:08:40.735+00:00,d140cm,precision,measurement,point,199,175.8,1397,240,0.0,2380587
2026-04-25T19:08:40.735+00:00,d140cm,precision,measurement,point,200,176.5,1396,241,0.0,2381008
2026-04-25T19:08:40.740+00:00,d140cm,precision,measurement,point,201,177.2,1395,241,0.0,2381569
2026-04-25T19:08:40.741+00:00,d140cm,precision,measurement,point,202,177.9,1394,242,0.0,2382545
2026-04-25T19:08:40.741+00:00,d140cm,precision,measurement,point,203,178.7,1394,242,0.0,2383016
2026-04-25T19:08:40.741+00:00,d140cm,precision,measurement,point,204,179.4,1393,242,0.0,2383544
2026-04-25T19:08:40.741+00:00,d140cm,precision,measurement,point,205,180.1,1393,242,0.0,2383984
2026-04-25T19:08:40.745+00:00,d140cm,precision,measurement,point,206,180.9,1393,243,0.0,2384551
2026-04-25T19:08:40.746+00:00,d140cm,precision,measurement,point,207,181.6,1393,244,0.0,2384949
2026-04-25T19:08:40.746+00:00,d140cm,precision,measurement,point,208,182.4,1393,244,0.0,2385532
2026-04-25T19:08:40.748+00:00,d140cm,precision,measurement,point,209,183.1,1393,245,0.0,2385932
2026-04-25T19:08:40.749+00:00,d140cm,precision,measurement,point,210,183.9,1394,245,0.0,2386525
2026-04-25T19:08:40.749+00:00,d140cm,precision,measurement,point,211,184.6,1394,244,0.0,2386930
2026-04-25T19:08:40.836+00:00,d140cm,precision,measurement,point,212,175.6,1398,238,0.0,2481127
2026-04-25T19:08:40.839+00:00,d140cm,precision,measurement,point,213,176.3,1397,239,0.0,2481604
2026-04-25T19:08:40.842+00:00,d140cm,precision,measurement,point,214,177.0,1396,241,0.0,2482006
2026-04-25T19:08:40.843+00:00,d140cm,precision,measurement,point,215,177.7,1395,241,0.0,2482560
2026-04-25T19:08:40.845+00:00,d140cm,precision,measurement,point,216,178.5,1394,243,0.0,2482967
2026-04-25T19:08:40.845+00:00,d140cm,precision,measurement,point,217,179.2,1393,243,0.0,2483700
2026-04-25T19:08:40.845+00:00,d140cm,precision,measurement,point,218,179.9,1393,244,0.0,2484125
2026-04-25T19:08:40.845+00:00,d140cm,precision,measurement,point,219,180.6,1393,245,0.0,2484585
2026-04-25T19:08:40.849+00:00,d140cm,precision,measurement,point,220,181.3,1393,246,0.0,2484994
2026-04-25T19:08:40.849+00:00,d140cm,precision,measurement,point,221,182.0,1393,245,0.0,2485590
2026-04-25T19:08:40.849+00:00,d140cm,precision,measurement,point,222,182.7,1393,245,0.0,2486003
2026-04-25T19:08:40.849+00:00,d140cm,precision,measurement,point,223,183.3,1393,245,0.0,2486580
2026-04-25T19:08:40.849+00:00,d140cm,precision,measurement,point,224,184.0,1394,243,0.0,2486992
2026-04-25T19:08:40.849+00:00,d140cm,precision,measurement,point,225,184.7,1394,243,0.0,2487575
2026-04-25T19:08:40.939+00:00,d140cm,precision,measurement,point,226,175.6,1396,241,0.0,2582122
2026-04-25T19:08:40.941+00:00,d140cm,precision,measurement,point,227,176.3,1395,242,0.0,2582598
2026-04-25T19:08:40.942+00:00,d140cm,precision,measurement,point,228,177.0,1394,243,0.0,2583035
2026-04-25T19:08:40.943+00:00,d140cm,precision,measurement,point,229,177.7,1394,243,0.0,2583572
2026-04-25T19:08:40.944+00:00,d140cm,precision,measurement,point,230,178.4,1393,243,0.0,2583979
2026-04-25T19:08:40.945+00:00,d140cm,precision,measurement,point,231,179.2,1393,243,0.0,2584563
2026-04-25T19:08:40.946+00:00,d140cm,precision,measurement,point,232,179.9,1393,243,0.0,2585154
2026-04-25T19:08:40.947+00:00,d140cm,precision,measurement,point,233,180.6,1393,243,0.0,2585617
2026-04-25T19:08:40.948+00:00,d140cm,precision,measurement,point,234,181.4,1393,242,0.0,2586054
2026-04-25T19:08:40.949+00:00,d140cm,precision,measurement,point,235,182.2,1393,242,0.0,2586541
2026-04-25T19:08:40.950+00:00,d140cm,precision,measurement,point,236,183.0,1393,242,0.0,2586958
2026-04-25T19:08:40.951+00:00,d140cm,precision,measurement,point,237,183.7,1393,242,0.0,2587498
2026-04-25T19:08:40.951+00:00,d140cm,precision,measurement,point,238,184.5,1394,242,0.0,2587916
2026-04-25T19:08:41.040+00:00,d140cm,precision,measurement,point,239,175.0,1399,238,0.0,2683335
2026-04-25T19:08:41.043+00:00,d140cm,precision,measurement,point,240,175.7,1397,238,0.0,2683812
2026-04-25T19:08:41.044+00:00,d140cm,precision,measurement,point,241,176.4,1396,240,0.0,2684235
2026-04-25T19:08:41.045+00:00,d140cm,precision,measurement,point,242,177.2,1395,241,0.0,2684705
2026-04-25T19:08:41.046+00:00,d140cm,precision,measurement,point,243,177.9,1394,242,0.0,2685108
2026-04-25T19:08:41.047+00:00,d140cm,precision,measurement,point,244,178.6,1394,242,0.0,2685564
2026-04-25T19:08:41.048+00:00,d140cm,precision,measurement,point,245,179.3,1393,243,0.0,2685997
2026-04-25T19:08:41.049+00:00,d140cm,precision,measurement,point,246,180.0,1393,243,0.0,2686537
2026-04-25T19:08:41.050+00:00,d140cm,precision,measurement,point,247,180.7,1393,244,0.0,2686968
2026-04-25T19:08:41.051+00:00,d140cm,precision,measurement,point,248,181.5,1393,243,0.0,2687557
2026-04-25T19:08:41.052+00:00,d140cm,precision,measurement,point,249,182.2,1393,243,0.0,2687966
2026-04-25T19:08:41.053+00:00,d140cm,precision,measurement,point,250,182.9,1393,244,0.0,2688702
2026-04-25T19:08:41.054+00:00,d140cm,precision,measurement,point,251,183.6,1394,244,0.0,2689123
2026-04-25T19:08:41.055+00:00,d140cm,precision,measurement,point,252,184.3,1394,242,0.0,2689568
2026-04-25T19:08:41.055+00:00,d140cm,precision,measurement,point,253,185.0,1395,242,0.0,2689980
2026-04-25T19:08:41.140+00:00,d140cm,precision,measurement,point,254,175.4,1398,238,0.0,2784384
2026-04-25T19:08:41.140+00:00,d140cm,precision,measurement,point,255,176.1,1397,240,0.0,2784813
2026-04-25T19:08:41.140+00:00,d140cm,precision,measurement,point,256,176.8,1396,241,0.0,2785262
2026-04-25T19:08:41.146+00:00,d140cm,precision,measurement,point,257,177.5,1395,242,0.0,2785725
2026-04-25T19:08:41.146+00:00,d140cm,precision,measurement,point,258,178.3,1394,242,0.0,2786133
2026-04-25T19:08:41.146+00:00,d140cm,precision,measurement,point,259,179.0,1394,242,0.0,2786631
2026-04-25T19:08:41.146+00:00,d140cm,precision,measurement,point,260,179.7,1393,242,0.0,2787039
2026-04-25T19:08:41.146+00:00,d140cm,precision,measurement,point,261,180.4,1393,242,0.0,2787560
2026-04-25T19:08:41.146+00:00,d140cm,precision,measurement,point,262,181.1,1393,242,0.0,2787972
2026-04-25T19:08:41.146+00:00,d140cm,precision,measurement,point,263,181.8,1393,242,0.0,2788568
2026-04-25T19:08:41.155+00:00,d140cm,precision,measurement,point,264,182.5,1393,243,0.0,2788986
2026-04-25T19:08:41.156+00:00,d140cm,precision,measurement,point,265,183.3,1393,243,0.0,2789564
2026-04-25T19:08:41.157+00:00,d140cm,precision,measurement,point,266,184.0,1393,243,0.0,2790141
2026-04-25T19:08:41.157+00:00,d140cm,precision,measurement,point,267,184.7,1393,242,0.0,2790617
2026-04-25T19:08:41.240+00:00,d140cm,precision,measurement,point,268,175.6,1398,240,0.0,2883038
2026-04-25T19:08:41.241+00:00,d140cm,precision,measurement,point,269,176.3,1397,242,0.0,2883535
2026-04-25T19:08:41.242+00:00,d140cm,precision,measurement,point,270,177.0,1396,242,0.0,2885388
2026-04-25T19:08:41.243+00:00,d140cm,precision,measurement,point,271,177.7,1395,243,0.0,2885862
2026-04-25T19:08:41.244+00:00,d140cm,precision,measurement,point,272,178.4,1394,243,0.0,2886280
2026-04-25T19:08:41.246+00:00,d140cm,precision,measurement,point,273,179.1,1393,244,0.0,2886733
2026-04-25T19:08:41.246+00:00,d140cm,precision,measurement,point,274,179.8,1393,244,0.0,2887143
2026-04-25T19:08:41.248+00:00,d140cm,precision,measurement,point,275,180.5,1393,244,0.0,2887565
2026-04-25T19:08:41.248+00:00,d140cm,precision,measurement,point,276,181.2,1393,245,0.0,2887973
2026-04-25T19:08:41.250+00:00,d140cm,precision,measurement,point,277,181.9,1393,244,0.0,2888536
2026-04-25T19:08:41.250+00:00,d140cm,precision,measurement,point,278,182.6,1394,243,0.0,2888983
2026-04-25T19:08:41.251+00:00,d140cm,precision,measurement,point,279,183.2,1394,243,0.0,2889544
2026-04-25T19:08:41.252+00:00,d140cm,precision,measurement,point,280,183.9,1394,242,0.0,2890026
2026-04-25T19:08:41.253+00:00,d140cm,precision,measurement,point,281,184.6,1395,241,0.0,2890543
2026-04-25T19:08:41.343+00:00,d140cm,precision,measurement,point,282,175.4,1398,239,0.0,2984031
2026-04-25T19:08:41.343+00:00,d140cm,precision,measurement,point,283,176.1,1397,240,0.0,2984469
2026-04-25T19:08:41.345+00:00,d140cm,precision,measurement,point,284,176.8,1396,241,0.0,2984850
2026-04-25T19:08:41.345+00:00,d140cm,precision,measurement,point,285,177.6,1395,243,0.0,2985239
2026-04-25T19:08:41.345+00:00,d140cm,precision,measurement,point,286,178.3,1395,243,0.0,2986422
2026-04-25T19:08:41.345+00:00,d140cm,precision,measurement,point,287,179.0,1394,243,0.0,2986806
2026-04-25T19:08:41.352+00:00,d140cm,precision,measurement,point,288,179.7,1393,244,0.0,2987242
2026-04-25T19:08:41.352+00:00,d140cm,precision,measurement,point,289,180.4,1393,244,0.0,2987662
2026-04-25T19:08:41.354+00:00,d140cm,precision,measurement,point,290,181.1,1393,243,0.0,2988117
2026-04-25T19:08:41.356+00:00,d140cm,precision,measurement,point,291,181.8,1393,243,0.0,2988541
2026-04-25T19:08:41.356+00:00,d140cm,precision,measurement,point,292,182.6,1393,243,0.0,2988967
2026-04-25T19:08:41.358+00:00,d140cm,precision,measurement,point,293,183.3,1393,243,0.0,2989571
2026-04-25T19:08:41.359+00:00,d140cm,precision,measurement,point,294,184.0,1394,242,0.0,2989938
2026-04-25T19:08:41.359+00:00,d140cm,precision,measurement,point,295,184.7,1394,241,0.0,2990525
2026-04-25T19:08:41.445+00:00,d140cm,precision,measurement,point,296,175.6,1397,240,0.0,3085110
2026-04-25T19:08:41.446+00:00,d140cm,precision,measurement,point,297,176.3,1396,241,0.0,3085547
2026-04-25T19:08:41.446+00:00,d140cm,precision,measurement,point,298,177.0,1395,242,0.0,3085976
2026-04-25T19:08:41.446+00:00,d140cm,precision,measurement,point,299,177.7,1395,243,0.0,3086564
2026-04-25T19:08:41.446+00:00,d140cm,precision,measurement,point,300,178.4,1394,243,0.0,3086966
2026-04-25T19:08:41.454+00:00,d140cm,precision,measurement,point,301,179.2,1394,243,0.0,3087521
2026-04-25T19:08:41.455+00:00,d140cm,precision,measurement,point,302,179.9,1393,243,0.0,3088109
2026-04-25T19:08:41.456+00:00,d140cm,precision,measurement,point,303,180.6,1393,243,0.0,3088570
2026-04-25T19:08:41.457+00:00,d140cm,precision,measurement,point,304,181.3,1393,243,0.0,3088974
2026-04-25T19:08:41.457+00:00,d140cm,precision,measurement,point,305,182.0,1393,243,0.0,3089489
2026-04-25T19:08:41.457+00:00,d140cm,precision,measurement,point,306,182.7,1393,243,0.0,3089892
2026-04-25T19:08:41.457+00:00,d140cm,precision,measurement,point,307,183.4,1393,243,0.0,3090509
2026-04-25T19:08:41.457+00:00,d140cm,precision,measurement,point,308,184.1,1394,242,0.0,3090880
2026-04-25T19:08:41.457+00:00,d140cm,precision,measurement,point,309,184.9,1395,242,0.0,3091216
